<?xml version="1.0" encoding="UTF-8"?>
<beans
	xmlns="http://www.springframework.org/schema/beans"
	xmlns:xsi="http://www.w3.org/2001/XMLSchema-instance"
	xmlns:aop="http://www.springframework.org/schema/aop"
	xmlns:tx="http://www.springframework.org/schema/tx"
	xmlns:p="http://www.springframework.org/schema/p"
	xsi:schemaLocation="
	http://www.springframework.org/schema/beans
	http://www.springframework.org/schema/beans/spring-beans-2.5.xsd
	http://www.springframework.org/schema/aop 
	http://www.springframework.org/schema/aop/spring-aop.xsd
	http://www.springframework.org/schema/tx
	http://www.springframework.org/schema/tx/spring-tx.xsd
	">
	<!-- Video -->
	<!-- Add -->
	<bean id="VideoAddAction" class="action.video.VideoAdd">
		<property name="baseService" ref="BaseService"></property>
	</bean>
	<!-- Delete -->
	<bean id="VideoDeleteAction" class="action.video.VideoDelete">
		<property name="baseService" ref="BaseService"></property>
	</bean>
	<!-- Update -->
	<bean id="VideoUpdateAction" class="action.video.VideoUpdate">
		<property name="baseService" ref="BaseService"></property>
	</bean>
	<!-- Read All -->
	<bean id="VideoReadAllAction" class="action.video.VideoReadAll">
		<property name="baseService" ref="BaseService"></property>
	</bean>
	<!-- Read By ID -->
	<bean id="VideoReadByIDAction" class="action.video.VideoReadByID">
		<property name="baseService" ref="BaseService"></property>
	</bean>
	<!-- VideoReadLimitedByOrderAction -->
	<bean id="VideoReadLimitedByOrderAction" class="action.video.VideoReadLimitedByOrder">
		<property name="baseService" ref="BaseService"></property>
	</bean>
</beans>