<?xml version="1.0" encoding="UTF-8"?>
<beans
	xmlns="http://www.springframework.org/schema/beans"
	xmlns:xsi="http://www.w3.org/2001/XMLSchema-instance"
	xmlns:aop="http://www.springframework.org/schema/aop"
	xmlns:tx="http://www.springframework.org/schema/tx"
	xmlns:p="http://www.springframework.org/schema/p"
	xsi:schemaLocation="
	http://www.springframework.org/schema/beans
	http://www.springframework.org/schema/beans/spring-beans-3.0.xsd
	http://www.springframework.org/schema/aop 
	http://www.springframework.org/schema/aop/spring-aop.xsd
	http://www.springframework.org/schema/tx
	http://www.springframework.org/schema/tx/spring-tx.xsd
	">

	<!-- 使用Annotation的时候要用不一样的SessionFactory -->
	<!--数据库连接 -->	
	<bean id="HibernateSessionFactory" class="org.springframework.orm.hibernate3.annotation.AnnotationSessionFactoryBean">
		<property name="configLocation" value="classpath:hibernate.cfg.xml"></property>
	</bean>
	<bean id="HibernateDaoSupport" abstract="true" class="org.springframework.orm.hibernate3.support.HibernateDaoSupport">
		<property name="sessionFactory" ref="HibernateSessionFactory"></property>
	</bean>
	<!-- 数据库连接（事务配置，不配置事务数据更改不会提交到数据库） -->
	<bean id="transactionManager" class="org.springframework.orm.hibernate3.HibernateTransactionManager" >
		<property name="sessionFactory" ref="HibernateSessionFactory"></property>
	</bean>
	
	<tx:advice id="defaultTransactionAdvice" transaction-manager="transactionManager" >
	<tx:attributes>
		<tx:method name="*" propagation="REQUIRED"/>
	</tx:attributes>
	</tx:advice>
	
	<aop:config>
		<aop:pointcut id="allService" expression="execution(* service..*.*(..))" />
		<aop:advisor advice-ref="defaultTransactionAdvice" pointcut-ref="allService"/>
	</aop:config>
	
	<!-- BaseDao -->
	<bean id="BaseDao" class="dao.BaseDaoImpl" parent="HibernateDaoSupport">
	</bean>
	<!-- BaseService -->
	<bean id="BaseService" class="service.BaseServiceImpl">
		<property name="baseDao" ref="BaseDao"></property>
	</bean>
	
	<!-- 包含的配置文件 -->
	<import resource="springxml/Dispatcher.xml"/>
	<import resource="springxml/Video.xml"/>
	<import resource="springxml/Configure.xml"/>
	
</beans>