<?xml version='1.0' encoding='UTF-8'?>
<!DOCTYPE hibernate-configuration PUBLIC
          "-//Hibernate/Hibernate Configuration DTD 3.0//EN"
          "http://hibernate.sourceforge.net/hibernate-configuration-3.0.dtd">

<!-- Generated by MyEclipse Hibernate Tools.                   -->
<hibernate-configuration>

	<session-factory>
		<property name="dialect">
			org.hibernate.dialect.MySQLDialect
		</property>
		<property name="connection.url">
			jdbc:mysql://localhost:3306/svw
		</property>
		<property name="connection.username">root</property>
		<property name="connection.password">123456</property>
		<property name="connection.driver_class">
			com.mysql.jdbc.Driver
		</property>
		<mapping class="bean.Video" />
		<mapping class="bean.Category" />
		<mapping class="bean.Videostate" />
		<mapping class="bean.Configure" />

	</session-factory>

</hibernate-configuration>