<?xml version="1.0" encoding="UTF-8" ?>
<!DOCTYPE struts PUBLIC "-//Apache Software Foundation//DTD Struts Configuration 2.1//EN" "http://struts.apache.org/dtds/struts-2.1.dtd">
<struts>

    <constant name="struts.devMode" value="true" />
    <constant name="struts.enable.DynamicMethodInvocation" value="true" />
    <constant name="struts.custom.i18n.resources" value="message"/> 
	<include file="struts-default.xml"/>
    
    <!-- 文件上传大小限制 （默认2M，太小）-->
	<constant name="struts.multipart.maxSize" value="1000000000"/>
	
	<include file="strutsxml/Page.xml"></include>
    <include file="strutsxml/Dispatcher.xml"></include>
    <include file="strutsxml/Video.xml"></include>
    <include file="strutsxml/Configure.xml"></include>

</struts>    
